{"cameraMode":{"drawMode":0,"name":"Shaded","section":"Shading Mode"},"sceneLighting":true,"audioPlay":false,"sceneViewState":{"m_AlwaysRefresh":false,"showFog":true,"showSkybox":true,"showFlares":true,"showImageEffects":true,"showParticleSystems":true,"showVisualEffectGraphs":true,"m_FxEnabled":true},"in2DMode":false,"pivot":{"x":9.167207717895508,"y":3.604236602783203,"z":-12.336246490478516},"rotation":{"x":0.14332234859466554,"y":0.081549271941185,"z":-0.011842295527458191,"w":0.9862594604492188},"size":2.7275612354278566,"orthographic":false}